<!DOCTYPE hibernate-configuration PUBLIC
        "-//Hibernate/Hibernate Configuration DTD 3.0//EN"
        "http://www.hibernate.org/dtd/hibernate-configuration-3.0.dtd">
<hibernate-configuration>
    <session-factory>

        <!-- Configuration de la base de données -->
        <property name="hibernate.connection.driver_class">com.mysql.cj.jdbc.Driver</property>
        <property name="hibernate.connection.url">jdbc:mysql://localhost:3306/web_db?zeroDateTimeBehavior=convertToNull</property>
        <property name="hibernate.connection.username">root</property>
        <property name="hibernate.connection.password"></property>

        <property name="hibernate.dialect">org.hibernate.dialect.MySQL8Dialect</property>



        <property name="hibernate.hbm2ddl.auto">update</property>
        <property name="hibernate.show_sql">true</property>
        <property name="hibernate.format_sql">true</property>



        <property name="hibernate.cache.use_second_level_cache">false</property>
        <property name="hibernate.cache.use_query_cache">false</property>


        <mapping class="entities.Machine" />
        <mapping class="entities.Salle" />

    </session-factory>
</hibernate-configuration>
